"Modes","Baseline","Scenario 1","Scenario 2","Scenario 3","Scenario 4","Scenario 5"
"bicycle",15.4794521271115,25.7724091001144,11.5278054068639,24.8121171604961,96.2142473899142,25.3023982166597
"bus",9.45205487833147,1.08120590554493,11.8902712932558,1.04380532793238,1.13054826870747,1.07499647634963
"car",36.9863014036553,87.0542837515653,10.0227740353948,79.2239735855731,85.6913653285807,85.3338216139404
"motorcycle",41.7808219605224,62.053613346879,33.7353042532489,250.382405614536,53.7415826049609,61.1961958514527
"pedestrian",205.342465787172,297.032703966706,147.582579190652,292.019914450561,294.649418110784,330.439601745292
"total",309.041096156793,472.99421607081,214.758734179416,647.482216139098,531.427161702947,503.347013903694
